{
  "manifest_version": 2,
  "name": "GetLifeUndo",
  "version": "0.3.7.18",
  "default_locale": "en",
  "description": "Ctrl+Z for online life: restore form text, clipboard history, and recently closed tabs. 100% local.",
  "icons": { "16": "icons/16.png", "32": "icons/32.png", "48": "icons/48.png", "128": "icons/128.png" },
  "browser_action": { "default_popup": "popup.html", "default_title": "GetLifeUndo" },
  "permissions": ["storage", "tabs", "sessions", "clipboardRead"],
  "browser_specific_settings": {
    "gecko": { "id": "lifeundo@example.com", "strict_min_version": "109.0" }
  },
  "content_scripts": [{
    "matches": ["<all_urls>"],
    "js": ["contentScript.js"],
    "run_at": "document_idle"
  }]
}